Address,Size,LotSize,YearBuilt,Image
"605 41st St Apt C,
Brooklyn, NY, 11232",N/A,N/A,1921,https://ap.rdcpix.com/9e9e2375b648f0514410109858614697l-m3989852227od-w1024_h768.jpg
"548 46th St Apt 4L,
New York, NY, 11220",819sqft,N/A,N/A,https://ap.rdcpix.com/b735541103de602632d8ed36d65d00c0l-m1039153843od-w1024_h768.jpg
"5708 7th Ave Apt 6B,
Brooklyn, NY, 11220",577sqft,N/A,2008,https://ap.rdcpix.com/71787cc1ea4170fd3beb4b585787ba29l-m2873160404od-w1024_h768.jpg
"4012 7th Ave Apt 2,
Brooklyn, NY, 11232",730sqft,N/A,1925,https://ap.rdcpix.com/996410e0de73a73427fc00d5dd027150l-m1838820552od-w1024_h768.jpg
"5306 4th Ave,
Brooklyn, NY, 11220",717sqft,N/A,2007,https://ap.rdcpix.com/38aaed9c36538eae81eefe598acdaf71l-m1323273311od-w1024_h768.jpg
"4404 6th Ave Apt 3C,
Brooklyn, NY, 11220",N/A,N/A,1914,https://ap.rdcpix.com/8186428f6c41197ad593ace949731e52l-m2625014157od-w1024_h768.jpg
"429 53rd St,
Brooklyn, NY, 11220","1,200sqft","2,003sqft lot",1920,https://ap.rdcpix.com/910c8aac825d5479480edcf6e8326e46l-m3665137955od-w1024_h768.jpg
"873 52nd St,
Brooklyn, NY, 11220",N/A,"2,003sqft lot",N/A,https://ap.rdcpix.com/79b419ec87f56b08c5fa054b8452cbf3l-m1561859088od-w1024_h768.jpg
"341 40th St,
Brooklyn, NY, 11232","1,568sqft","1,670sqft lot",1910,https://ap.rdcpix.com/c8e8b72d2354ca73002f54db19a0ff7al-m3798114055od-w1024_h768.jpg
"452 60th St,
Brooklyn, NY, 11220","3,600sqft","2,000sqft lot",1907,https://ap.rdcpix.com/4a6869301612ca8268aa4cffee14147bl-m4290891322od-w1024_h768.jpg
"457 49th St,
Brooklyn, NY, 11220","1,740sqft","2,000sqft lot",1910,https://ap.rdcpix.com/852a9b15db6e4bfa90ab6da8d8c84725l-m1712011391od-w1024_h768.jpg
"614 61st St,
Brooklyn, NY, 11220","3,120sqft","1,640sqft lot",N/A,https://ap.rdcpix.com/7625495b23140471dd4ad01843582c5fl-m1213834607od-w1024_h768.jpg
"838 41st St Unit 2A,
Brooklyn, NY, 11232",800sqft,N/A,2020,https://ap.rdcpix.com/1a382c6d34aa4a9dddf3ebb0f50862fbl-m2495208131od-w1024_h768.jpg
"320 57th St Apt 2B,
Brooklyn, NY, 11220","1,455sqft",N/A,1900,https://ap.rdcpix.com/a1134d69201afc9abdb7a6a9496594a3l-m2031818965od-w1024_h768.jpg
"430 61st St,
New York, NY, 11220","16,512sqft",N/A,N/A,https://ap.rdcpix.com/e146b2011cdb0c240c351deffaf6f2e2l-m325982265od-w1024_h768.jpg
"826 40th St,
Brooklyn, NY, 11232","3,500sqft","2,500sqft lot",1925,https://ap.rdcpix.com/9d6baea8aa73779b084e019987a8a82dl-m3815842079od-w1024_h768.jpg
"4003 6th Ave,
Brooklyn, NY, 11232",N/A,"2,000sqft lot",1945,https://ap.rdcpix.com/0ceee156f510db46534d2edeccd24cfbl-m4170429407od-w1024_h768.jpg
"638 50th St Apt 3A,
Brooklyn, NY, 11220",579sqft,N/A,2011,https://ap.rdcpix.com/531716929d76a98b7dd52ff2b2756047l-m3724203058od-w1024_h768.jpg
"239 55th St,
Brooklyn, NY, 11220",N/A,"1,900sqft lot",N/A,https://ap.rdcpix.com/574a1999dab2f7757800a5349b8511dbl-m999015450od-w1024_h768.jpg
"663 55th St,
Brooklyn, NY, 11220","2,128sqft","2,200sqft lot",1920,https://ap.rdcpix.com/32f79f658f6bcd3f41e24041aa42d715l-m2434041184od-w1024_h768.jpg
"342 50th St,
Brooklyn, NY, 11220","2,520sqft","2,003sqft lot",1910,https://ap.rdcpix.com/9f15f4fb7abee59fae33a8b4a7702b78l-m3164905186od-w1024_h768.jpg
"776 46th St,
Brooklyn, NY, 11220",N/A,"2,000sqft lot",N/A,https://ap.rdcpix.com/0fac4c3f062e2e53b3198469ee614f45l-m2197301934od-w1024_h768.jpg
"246 54th St,
New York, NY, 11220",N/A,N/A,N/A,https://ap.rdcpix.com/a5bb78695c236f06df83f1aea33e7734l-m2921502892od-w1024_h768.jpg
"330 43rd St,
Brooklyn, NY, 11232","1,935sqft","1,953sqft lot",1910,https://ap.rdcpix.com/44e344baa349054d774cc494c6832e50l-m2394482790od-w1024_h768.jpg
"858 46th St,
Brooklyn, NY, 11220","3,318sqft","2,700sqft lot",1927,https://ap.rdcpix.com/00f515b12b740f0468e4aca1a95161b5l-m2900571592od-w1024_h768.jpg
"346 52nd St,
Brooklyn, NY, 11220","3,720sqft","2,011sqft lot",1920,https://ap.rdcpix.com/cf0a7f1fcb5d0df8855b672ea698bd5el-m3872845525od-w1024_h768.jpg
"354 48th St,
Brooklyn, NY, 11220","1,360sqft","1,603sqft lot",1910,https://ap.rdcpix.com/9df8721990ca70d6f019c09e3ec27ecal-m2876653678od-w1024_h768.jpg
"828 53rd St,
Brooklyn, NY, 11220",884sqft,"1,302sqft lot",1915,https://ap.rdcpix.com/be1337d97a8073ae3de83a8b23863f75l-m2239674391od-w1024_h768.jpg
"729 40th St Unit 3A,
Brooklyn, NY, 11232",705sqft,N/A,2009,https://ap.rdcpix.com/d6cf1e0f088d530dddae1cbcba8c6a50l-m967464929od-w1024_h768.jpg
"254 55th St Unit 4A,
Brooklyn, NY, 11220","1,335sqft",N/A,2018,https://ap.rdcpix.com/251153ff3b818f02f0779298e626752dl-m2316659228od-w1024_h768.jpg
"830 53rd St,
Brooklyn, NY, 11220",884sqft,"1,302sqft lot",1915,https://ap.rdcpix.com/032d669558f958b4ebf77f8120139373l-m2447607932od-w1024_h768.jpg
"535 39th St,
Brooklyn, NY, 11232","2,248sqft","1,462sqft lot",1910,https://ap.rdcpix.com/952549320fdab3afcab06b94f993c2dfl-m3502510187od-w1024_h768.jpg
"712 45 St Unit 3A1,
Brooklyn, NY, 11220",861sqft,N/A,N/A,https://ap.rdcpix.com/0b624febe77e20db56294eeb79aa8693l-m3983605818od-w1024_h768.jpg
"53 55th St,
Brooklyn, NY, 11220","11,584sqft",N/A,1899,https://ap.rdcpix.com/39229f9eaf44ee98146b659d15e07052l-m3420741642od-w1024_h768.jpg
"453 42nd St,
Brooklyn, NY, 11232","10,530sqft","2,700sqft lot",1914,https://ap.rdcpix.com/a0785c2eb4343fe9cf3f8cd908430c2el-m117459493od-w1024_h768.jpg
"825 46th St,
Brooklyn, NY, 11220","2,814sqft","2,805sqft lot",1925,https://ap.rdcpix.com/50d5407ef61aa8f5a14a01bc048536f3l-m1117255801od-w1024_h768.jpg
"834 57th St Apt 2C,
Brooklyn, NY, 11220",545sqft,N/A,2008,https://ap.rdcpix.com/a8d5676d1fc09c507338529fa630c79bl-m50110650od-w1024_h768.jpg
"518 51st St,
Brooklyn, NY, 11220",N/A,"2,000sqft lot",1920,https://ap.rdcpix.com/d14af1601046f69931ce41a313c645a3l-m2027908686od-w1024_h768.jpg
"3907 7th Ave,
Brooklyn, NY, 11232","1,666sqft","1,666sqft lot",N/A,https://ap.rdcpix.com/9fdf160547fe646ecb5acc69a7a33324l-m547646726od-w1024_h768.jpg
"665 52nd St,
Brooklyn, NY, 11220",N/A,"1,700sqft lot",N/A,https://ap.rdcpix.com/f1b22f6bf09232be3be4420eabbca130l-m3616441721od-w1024_h768.jpg
"730 57th St Apt 3D,
Brooklyn, NY, 11220",500sqft,N/A,N/A,https://ap.rdcpix.com/5c78aa91c9bc9ae3eaa73d4e62970e6fl-m3732753760od-w1024_h768.jpg
"420 64th St Ph 1,
Brooklyn, NY, 11220","2,200sqft",N/A,1990,https://ap.rdcpix.com/f9f1b829e7fc1d879e8ff7e397d8a0a5l-m1577153791od-w1024_h768.jpg
"826 43rd St Apt 8,
New York, NY, 11232",970sqft,N/A,N/A,https://ap.rdcpix.com/50ef43ed7401dabc24e6390f9a9cf853l-m2120348256od-w1024_h768.jpg
"4721 8th Ave Apt 4C,
Brooklyn, NY, 11220",743sqft,N/A,2009,https://ap.rdcpix.com/8454cf21eb34629cb50243bec7d8b10bl-m141838806od-w1024_h768.jpg
"420 64th St Ph 2,
Brooklyn, NY, 11220",720sqft,N/A,1990,https://ap.rdcpix.com/e2ced5e31bca34f5cf41146f9eb543f1l-m3577408386od-w1024_h768.jpg
"656 53rd St,
Brooklyn, NY, 11220","2,796sqft","2,003sqft lot",1920,https://ap.rdcpix.com/f2e7b209c049ae6632d898f26bb5ecael-m1886688444od-w1024_h768.jpg
"447 63rd St,
Brooklyn, NY, 11220","3,169sqft","1,999sqft lot",1910,https://ap.rdcpix.com/d4f308f805a5a711f25f8b4398c84b3fl-m3407602226od-w1024_h768.jpg
"737 43rd St,
Brooklyn, NY, 11232","3,120sqft",N/A,1925,https://ap.rdcpix.com/d7a684a5cd7d384033bb1646b4e3d1d4l-m2016279610od-w1024_h768.jpg
"338 52nd St,
Brooklyn, NY, 11220","3,348sqft","2,003sqft lot",1910,https://ap.rdcpix.com/ff5ea13cfc9f01bd3fa705bc0fc745f4l-m2345619277od-w1024_h768.jpg
"828 51st St,
Brooklyn, NY, 11220",N/A,"3,500sqft lot",1920,https://ap.rdcpix.com/9e888232359e56f61e8d08d75087eee6l-m712815665od-w1024_h768.jpg
"824 51st St,
Brooklyn, NY, 11220","2,106sqft","2,504sqft lot",1920,https://ap.rdcpix.com/61cbba422dfe3716c79cba385a203fe3l-m712815665od-w1024_h768.jpg
"863 50th St Apt 3B,
Brooklyn, NY, 11220",872sqft,N/A,2005,https://ap.rdcpix.com/8f87644748706cb3ee1a38d86f88f2b8l-m1703796395od-w1024_h768.jpg
"670 44th St,
Brooklyn, NY, 11220","2,964sqft","2,003sqft lot",1910,https://ap.rdcpix.com/1e27518fd4e65a8eb8fade85cfa3c1del-m3904861281od-w1024_h768.jpg
"824-828 51 St,
Brooklyn, NY, 11220",N/A,"6,010sqft lot",N/A,https://ap.rdcpix.com/3e21d462d75b18f9cb67bcdca25b3046l-m224267693od-w1024_h768.jpg
"665 50th St,
Brooklyn, NY, 11220",N/A,"2,000sqft lot",N/A,https://ap.rdcpix.com/1105b6eba76d700cdab6f779727ee59el-m2761614640od-w1024_h768.jpg
"355 50th St,
Brooklyn, NY, 11220",N/A,"2,000sqft lot",1910,https://ap.rdcpix.com/03d1ce687652059eb3c3a14ceb5636a6l-m3612008581od-w1024_h768.jpg
"4617 7th Ave,
Brooklyn, NY, 11220","2,400sqft","2,000sqft lot",1920,https://ap.rdcpix.com/4079177515a127ee971e4419c672c759l-m2650329312od-w1024_h768.jpg
"4006 7th Ave Apt 17,
Brooklyn, NY, 11232",650sqft,N/A,1925,https://ap.rdcpix.com/387d288809c8f273afed166b9b786b23l-m4020890114od-w1024_h768.jpg
"659 41st St Apt 3A,
Brooklyn, NY, 11232",N/A,N/A,1925,https://ap.rdcpix.com/f130c33b84c5e30cd5730963096b4d2el-m782949636od-w1024_h768.jpg
"453 63rd St,
Brooklyn, NY, 11220","3,169sqft","2,000sqft lot",1910,https://ap.rdcpix.com/7bb359f2f7d4151dd7b553b470c6e8f4l-m558235933od-w1024_h768.jpg
"272 61st St,
Brooklyn, NY, 11220","2,188sqft","2,000sqft lot",N/A,https://ap.rdcpix.com/b7905e5d2ce1a3879c10be91ad64e25al-m4236584591od-w1024_h768.jpg
"745 57th St,
Brooklyn, NY, 11220","1,934sqft","2,003sqft lot",1930,https://ap.rdcpix.com/86b261b1947b6d690c22f2337065857bl-m4171568245od-w1024_h768.jpg
"4205 7th Ave,
Brooklyn, NY, 11232","2,900sqft","1,600sqft lot",N/A,https://ap.rdcpix.com/7905878f10ea242e290b70458e709c41l-m1519014999od-w1024_h768.jpg
"873 48th St,
Brooklyn, NY, 11220","2,560sqft","2,955sqft lot",1925,https://ap.rdcpix.com/4c684e8370f9f3fb397300dac337246el-m1269411613od-w1024_h768.jpg
"524 52nd St,
Brooklyn, NY, 11220","2,700sqft","2,003sqft lot",1910,https://ap.rdcpix.com/0833f2695e8885198c2db5e4b4abfd93l-m1013444016od-w1024_h768.jpg
"617 59th St,
Brooklyn, NY, 11220","2,200sqft","2,003sqft lot",1935,https://ap.rdcpix.com/c043bce7cbfb118d9f9c8060ce473782l-m811830446od-w1024_h768.jpg
"531 52nd St Apt 3C,
Brooklyn, NY, 11220",851sqft,N/A,2008,https://ap.rdcpix.com/37a13da8ba28b6dd4c84d7f705c9e0dbl-m398726706od-w1024_h768.jpg
"433 56th St,
Brooklyn, NY, 11220",N/A,"2,033sqft lot",1901,https://ap.rdcpix.com/887cf91ae61e3ec24490bdaa8158caf2l-m2750359360od-w1024_h768.jpg
"882 58th St,
Brooklyn, NY, 11220","2,916sqft","2,003sqft lot",1925,https://ap.rdcpix.com/a69c33f967d26ea0c4ba707641537e21l-m1488441035od-w1024_h768.jpg
"414 57th St,
Brooklyn, NY, 11220",N/A,N/A,1900,https://ap.rdcpix.com/cf2d4940ea8300b6a2dffc17aca2570al-m1087023574od-w1024_h768.jpg
"346 58th St,
Brooklyn, NY, 11220","2,550sqft","1,803sqft lot",1915,https://ap.rdcpix.com/a56440711b4fa8b9f60bd5aa2ebf76ebl-m2187609724od-w1024_h768.jpg
"639 51st St,
Brooklyn, NY, 11220","1,755sqft","1,700sqft lot",1925,https://ap.rdcpix.com/4ba6b753b94c80d5824ed3327e60f1c4l-m1007321360od-w1024_h768.jpg
"4404 Sixth Ave Unit 3D,
Brooklyn, NY, 11220",800sqft,N/A,1914,https://ap.rdcpix.com/4631bcf9b71041581ed5c9260f2ac1a0l-m1646333976od-w1024_h768.jpg
"718 49th St,
Brooklyn, NY, 11220",N/A,"2,003sqft lot",N/A,https://ap.rdcpix.com/d2f32f6e2e4f48fb17afeb5ee8305eb0l-m962013505od-w1024_h768.jpg
"4401 Fourth Ave Unit B2,
Brooklyn, NY, 11220",940sqft,N/A,N/A,https://ap.rdcpix.com/2d50132f105a65e7da3a2832fb441ddel-m3708540400od-w1024_h768.jpg
"5412 6th Ave,
Brooklyn, NY, 11220","2,852sqft",N/A,1910,https://ap.rdcpix.com/6c76a1df44f2b045dd959fdafce4933fl-m4114504931od-w1024_h768.jpg
"621 59th St,
Brooklyn, NY, 11220","2,200sqft","2,003sqft lot",1935,https://ap.rdcpix.com/ed5daec296e6897728583e3edfa0c73el-m811830446od-w1024_h768.jpg
"5002 4th Ave,
Brooklyn, NY, 11220",N/A,N/A,1921,https://ap.rdcpix.com/d9be1211a43d73df9c338e4ba173b38fl-m1612179768od-w1024_h768.jpg
"559 50th St,
Brooklyn, NY, 11220",N/A,100acre lot,N/A,https://ap.rdcpix.com/bbe02dee03a52da7cb4b50f4d03b7bbal-m1405585854od-w1024_h768.jpg
"635 59th St,
Brooklyn, NY, 11220",N/A,"2,003sqft lot",1935,https://ap.rdcpix.com/4fcbda6775db63b701d332c5d55b3430l-m3727460216od-w1024_h768.jpg
"430-432 39 St,
Brooklyn, NY, 11232",N/A,"5,000sqft lot",N/A,https://ap.rdcpix.com/0278290862c48b4335f5e2f35eaae06cl-m3233774971od-w1024_h768.jpg
"531 52nd St Apt 1A,
Brooklyn, NY, 11220",924sqft,N/A,2008,https://ap.rdcpix.com/35f66b1752ad1000f9e88f0b3ca29650l-m3740985807od-w1024_h768.jpg
"6108 7th Ave,
Brooklyn, NY, 11220","3,300sqft","1,500sqft lot",1915,https://ap.rdcpix.com/4aa9ec0d0fff11b13783383a98c5a72al-m4063660088od-w1024_h768.jpg
"446 52nd St,
Brooklyn, NY, 11220",N/A,"2,003sqft lot",1920,https://ap.rdcpix.com/2ac1733210d5460ad5cd00e114527048l-m1762376547od-w1024_h768.jpg
"568 54th St,
Brooklyn, NY, 11220","3,012sqft","2,003sqft lot",N/A,https://ap.rdcpix.com/5d69c06afa03128b34af3b4cafd12616l-m2213948078od-w1024_h768.jpg
"702 45th St Apt 4H,
Brooklyn, NY, 11220",700sqft,N/A,N/A,https://ap.rdcpix.com/a0aa332ac240f3636e746de6c698c8f8l-m2758765573od-w1024_h768.jpg
"458 57th St,
Brooklyn, NY, 11220","2,355sqft",N/A,1910,https://ap.rdcpix.com/8854d2d880fe9b40a9a2e12d98728ae5l-w2080511203od-w1024_h768.jpg
"4407 4th Ave Apt B4,
Brooklyn, NY, 11220",N/A,N/A,1906,https://ap.rdcpix.com/e5cef56a096ff600761ab4b501ed9211l-m1780557948od-w1024_h768.jpg
"338 58th St Apt 2,
Brooklyn, NY, 11220",N/A,"1,101sqft lot",2007,https://ap.rdcpix.com/fb9138972840a0eb9150831ce0b87d71l-m3385297343od-w1024_h768.jpg
"332 55th St,
Brooklyn, NY, 11220","1,654sqft","3,756sqft lot",1920,https://ap.rdcpix.com/bed060adf554adfa19fcd1f564a326e0l-m570794319od-w1024_h768.jpg
"4401 4th Ave Apt C1,
Brooklyn, NY, 11220",N/A,N/A,1912,https://ap.rdcpix.com/93e23f5413560048c640cc79e1d5dad2l-m2979415044od-w1024_h768.jpg
"459 47th St,
Brooklyn, NY, 11220",N/A,"2,003sqft lot",1899,https://ap.rdcpix.com/a5f7dc0f9c713ef86ed802db39a533d2l-m204801237od-w1024_h768.jpg
"629 51st St Apt 2C,
Brooklyn, NY, 11220",490sqft,N/A,2008,https://ap.rdcpix.com/1416716008d4bcedf82fb490e1aa918bl-m2815681098od-w1024_h768.jpg
"643 47th St,
Brooklyn, NY, 11220","1,812sqft","1,800sqft lot",1910,https://ap.rdcpix.com/3b0e78ffb150f6f7094cb27286cec0afl-m1331472937od-w1024_h768.jpg
"761 48th St,
Brooklyn, NY, 11220",N/A,"2,003sqft lot",N/A,https://ap.rdcpix.com/af0ff5083f1e02a11ba3ea600e86b838l-m586772396od-w1024_h768.jpg
"531 41st St Apt A10,
Brooklyn, NY, 11232",425sqft,N/A,1927,https://ap.rdcpix.com/e87377e73cf51e9dc7026e1d42da4098l-m3914572410od-w1024_h768.jpg
"232 53rd St,
Brooklyn, NY, 11220","2,472sqft","2,003sqft lot",N/A,https://ap.rdcpix.com/483e13d926473a9b225b3bc425969c8el-m2778296833od-w1024_h768.jpg
"5418 3rd Ave Apt 3A,
Brooklyn, NY, 11220",678sqft,N/A,2012,https://ap.rdcpix.com/a3d93850de746ad47d9b7ebb7e3e6f25l-m1506504279od-w1024_h768.jpg
"725 48th St,
Brooklyn, NY, 11220","2,272sqft","2,003sqft lot",1930,https://ap.rdcpix.com/cce067a96b4dba4b81af0ec7fe08e886l-m3435520665od-w1024_h768.jpg
"716 51st St,
Brooklyn, NY, 11220","1,740sqft","2,003sqft lot",N/A,https://ap.rdcpix.com/0845ae568728dcf9a3f65bc557948829l-m794642674od-w1024_h768.jpg
"5117 7th Ave,
Brooklyn, NY, 11220","3,835sqft","2,000sqft lot",1909,https://ap.rdcpix.com/ea199612b853fb8d6c9d6e1fc4764071l-m2477239448od-w1024_h768.jpg
"338 45th St,
Brooklyn, NY, 11220",N/A,"2,003sqft lot",1901,https://ap.rdcpix.com/53e7d9b3a9bdcdab1445840ccc107bdel-m3958583820od-w1024_h768.jpg
"420 64th St Apt 7E,
Brooklyn, NY, 11220",640sqft,N/A,1990,https://ap.rdcpix.com/43636bd031c71564f9b41ff64bb733a3l-m4041390805od-w1024_h768.jpg
"237 60th St,
Brooklyn, NY, 11220","2,532sqft","2,003sqft lot",1910,https://ap.rdcpix.com/496e375ee561d0b1fea983fafff4ef42l-m2458255060od-w1024_h768.jpg
"570 44th St Apt 3,
Brooklyn, NY, 11220",N/A,N/A,1914,https://ap.rdcpix.com/2a7b571f612949fb117f49571587948cl-m1419956113od-w1024_h768.jpg
"273 61st St,
Brooklyn, NY, 11220","3,480sqft","1,762sqft lot",1910,https://ap.rdcpix.com/42f113dd941c3f989be09acede0f02c1l-m1542962061od-w1024_h768.jpg
"555 39th St,
Brooklyn, NY, 11232",N/A,"2,504sqft lot",1924,https://ap.rdcpix.com/22838fb5e53c50561911e6fecbbd11d9l-m3127352999od-w1024_h768.jpg
"702 45th St Apt 3J,
Brooklyn, NY, 11220",800sqft,N/A,1924,https://ap.rdcpix.com/f3502df99f5d1f8c66f7c593b5504cfel-m179205141od-w1024_h768.jpg
"5418 3rd Ave Unit 5A,
Brooklyn, NY, 11220",799sqft,N/A,2013,https://ap.rdcpix.com/294573231a8893deeb39534b2a68c93bl-m974486801od-w1024_h768.jpg
"628 48th St,
Brooklyn, NY, 11220",N/A,"2,000sqft lot",N/A,https://ap.rdcpix.com/3e5772d0fb07aaab84cd0e8f2d5d4b7el-m2326082807od-w1024_h768.jpg
"540 62nd St,
Brooklyn, NY, 11220","2,200sqft","2,000sqft lot",1901,https://ap.rdcpix.com/db8709d53e2681df3d31c38bfe70601al-m3000678991od-w1024_h768.jpg
"434 43rd St,
Brooklyn, NY, 11232","3,072sqft",N/A,1901,https://ap.rdcpix.com/9f9e1363217e7cac80fd57b70e2c4649l-m2912412340od-w1024_h768.jpg
"522 58th St,
Brooklyn, NY, 11220","2,736sqft","2,003sqft lot",1899,https://ap.rdcpix.com/7870ab12d658b842efb899f6fdf02bdbl-m4273660314od-w1024_h768.jpg
"4317 8th Ave,
Brooklyn, NY, 11232","19,104sqft","6,000sqft lot",1935,https://ap.rdcpix.com/7d9286c59705931e5b0ebf64ab5ce85cl-m325172023od-w1024_h768.jpg
"652 39th St,
Brooklyn, NY, 11232",N/A,"2,500sqft lot",N/A,https://ap.rdcpix.com/55009371112f7e917ca0ef46535f7704l-m2693740212od-w1024_h768.jpg
"683 41st St Apt 18,
New York, NY, 11232",500sqft,N/A,N/A,https://ap.rdcpix.com/6b86556b9d52328fcd377b9b94efca6cl-m1789864981od-w1024_h768.jpg
"574 44th St Apt 3B,
Brooklyn, NY, 11220",800sqft,N/A,N/A,https://ap.rdcpix.com/9f6eb72ddc090e12a4ab8ad776862b19l-m3423309655od-w1024_h768.jpg
"4301 4th Ave,
New York, NY, 11232","4,875sqft",N/A,N/A,https://ap.rdcpix.com/f5cb6b168d9dbbbfe6afcf518bd6efb9l-m615772354od-w1024_h768.jpg
"628 60th St,
Brooklyn, NY, 11220","4,800sqft","2,000sqft lot",1915,https://ap.rdcpix.com/a6ed8722476eeaa4f11bfae423cee579l-m665289370od-w1024_h768.jpg
"530 45th St,
Brooklyn, NY, 11220","2,900sqft","2,003sqft lot",1915,https://ap.rdcpix.com/07c148d038a4a8829b1c96559709e948l-m1908188518od-w1024_h768.jpg
"637 41st St Apt 3B,
Brooklyn, NY, 11232",800sqft,N/A,N/A,https://ap.rdcpix.com/3b0e98fd9c75cc507efd1e8ca241f6e1l-m2446160283od-w1024_h768.jpg
"634 40th St,
Brooklyn, NY, 11232",N/A,"2,000sqft lot",N/A,https://ap.rdcpix.com/50711008330c767d424b3aba96147d73l-m3951037678od-w1024_h768.jpg
"662 45th St,
Brooklyn, NY, 11220",N/A,"2,000sqft lot",N/A,https://ap.rdcpix.com/68efc63510040d85c13fcf4807821bf9l-m576799674od-w1024_h768.jpg
"745 48th St,
Brooklyn, NY, 11220","2,272sqft","2,003sqft lot",1930,https://ap.rdcpix.com/e9b493ed6b499b1fad5fe8c836084059l-m3803618744od-w1024_h768.jpg
"548 46th St Apt 3L,
Brooklyn, NY, 11220",819sqft,N/A,1922,https://ap.rdcpix.com/3998a763eacd406462c3a6448a3afcffl-m3969866625od-w1024_h768.jpg
"637 41st St Apt 1B,
Brooklyn, NY, 11232",730sqft,N/A,N/A,https://ap.rdcpix.com/26d7fd6fe2db2e9c52fffc322ca512b3l-m591715541od-w1024_h768.jpg
"4711 8th Ave Apt 4B,
Brooklyn, NY, 11220",621sqft,N/A,2009,https://ap.rdcpix.com/3618671622/c8348cfc23625ee5ef2ff474d74063b5l-m0od-w1024_h768.jpg
"869 52nd St,
Brooklyn, NY, 11220",900sqft,"2,003sqft lot",1990,https://ap.rdcpix.com/49306cca4f9f51d9cbebe5dc35ecbde8l-m1612137571od-w1024_h768.jpg
"5811 Sixth Ave Unit 5A,
Brooklyn, NY, 11220",808sqft,N/A,1935,https://ap.rdcpix.com/f516826b9ecd4211ad3797ea4c9d3c90l-m2700149063od-w1024_h768.jpg
"661 51st St Unit 8,
Brooklyn, NY, 11220",N/A,N/A,N/A,https://ap.rdcpix.com/f956f84ee53f9ff44e7061a18280942al-m925148836od-w1024_h768.jpg
"750 53rd St,
Brooklyn, NY, 11220","2,483sqft","2,003sqft lot",N/A,https://ap.rdcpix.com/c83c9ce656cfe8bf5bdb6e78f80ca7e7l-m4202983806od-w1024_h768.jpg
"263 53rd St,
Brooklyn, NY, 11220","1,238sqft","1,703sqft lot",1910,https://ap.rdcpix.com/d16b0aee57cf9da682bfea7211e600bdl-m1650072361od-w1024_h768.jpg
"658 46th St,
Brooklyn, NY, 11220","3,750sqft","2,003sqft lot",1928,https://ap.rdcpix.com/8d78e5d6560aec1b9fe44be87b0aa405l-m3114023933od-w1024_h768.jpg
"5811 Sixth Ave Unit 3A,
Brooklyn, NY, 11220",572sqft,N/A,1935,https://ap.rdcpix.com/2d8912a5b40c376a09b7afdcf62d1becl-m2598038795od-w1024_h768.jpg
"725 58th St Lot 69,
Brooklyn, NY, 11220",N/A,"2,000sqft lot",N/A,https://ap.rdcpix.com/2b68e5d40e9ddf28648a04a8c81e1ddcl-m1992062938od-w1024_h768.jpg
"833 63rd St,
Brooklyn, NY, 11220","2,014sqft","2,250sqft lot",1920,https://ap.rdcpix.com/9dd67c3e82f2d449ed8a249c5d0dcad9l-m1412625395od-w1024_h768.jpg
"315 57th St,
Brooklyn, NY, 11220","1,600sqft","2,000sqft lot",1901,https://ap.rdcpix.com/27e47e1a3627e1c78ae8148c71bfcf89l-m1092530392od-w1024_h768.jpg
"832 53rd St,
Brooklyn, NY, 11220","1,300sqft","1,302sqft lot",1915,https://ap.rdcpix.com/5491c6f6f346d9162360efae35aae2c2l-m4248021768od-w1024_h768.jpg
"342 43rd St,
Brooklyn, NY, 11232","1,336sqft","1,953sqft lot",1910,https://ap.rdcpix.com/d6be72850a15207c4a933ea0740e76bcl-m716073971od-w1024_h768.jpg
"673 41st St Apt 14,
Brooklyn, NY, 11232",N/A,N/A,1924,https://ap.rdcpix.com/435a2e62e529bc372eb1d4c459b3076bl-m589170527od-w1024_h768.jpg
"453 44th St,
Brooklyn, NY, 11220","1,680sqft","1,670sqft lot",1910,https://ap.rdcpix.com/70ef56f768160b64cda814d686bd9805l-m3418152678od-w1024_h768.jpg
"667 47th St,
Brooklyn, NY, 11220","3,624sqft",N/A,N/A,https://ap.rdcpix.com/c26e518bab718144bfea450fccff0fbdl-m3496526189od-w1024_h768.jpg
"673 41st St Apt 5,
New York, NY, 11232",500sqft,N/A,N/A,https://ap.rdcpix.com/682304f3756f04ab53ab6a3e5e79fb0el-m2205999867od-w1024_h768.jpg
"350 43rd St,
Brooklyn, NY, 11232","2,000sqft","2,003sqft lot",1910,https://ap.rdcpix.com/96cbe28818d09da12a9b213c4b490bccl-m1631013656od-w1024_h768.jpg
"416 43rd St,
Brooklyn, NY, 11232","2,400sqft","2,003sqft lot",N/A,https://ap.rdcpix.com/580680047/c4e4aa50ed4f7bc7c79e911b38aad093l-m0od-w1024_h768.jpg
"462 48th St,
Brooklyn, NY, 11220","3,200sqft","2,003sqft lot",1910,https://ap.rdcpix.com/34834a72712ae6fe2de6681359440e4cl-m4040153229od-w1024_h768.jpg
"869 52nd St,
Brooklyn, NY, 11220","2,045sqft","2,003sqft lot",1990,https://ap.rdcpix.com/9dc82680d3891b4f7929cb397456b655l-m1293152593od-w1024_h768.jpg
"523 40th St,
Brooklyn, NY, 11232","1,800sqft","2,003sqft lot",1915,https://ap.rdcpix.com/a345d5158032448f2c2ad658ddee3413l-m2167587245od-w1024_h768.jpg
"47 49th St,
Brooklyn, NY, 11232",N/A,"6,600sqft lot",N/A,https://ap.rdcpix.com/b1a76ec1ecb0470492942d1bfc1cec0fl-m2035561804od-w1024_h768.jpg
"245 51st St,
Brooklyn, NY, 11220","2,040sqft","2,003sqft lot",1910,https://ap.rdcpix.com/62b12e0bd618b82c6e7f1f4e65d9ba65l-m748524523od-w1024_h768.jpg
"4616 7th Ave,
Brooklyn, NY, 11220",N/A,"1,600sqft lot",1920,https://ap.rdcpix.com/485031629/df4745ff2c90e2cc1c0a330f4b371619l-m0od-w1024_h768.jpg
"558 56th St,
Brooklyn, NY, 11220","2,922sqft","2,000sqft lot",1901,https://ap.rdcpix.com/454d5fac01b9f684ba4707be70767822l-m2928159657od-w1024_h768.jpg
"752 53rd St,
Brooklyn, NY, 11220","3,002sqft","2,005sqft lot",2005,https://ap.rdcpix.com/5b7c1fa53fcb6c4d5aee98e80a1945c9l-m909626360od-w1024_h768.jpg
"205 61st St,
Brooklyn, NY, 11220","2,672sqft","2,290sqft lot",1923,https://ap.rdcpix.com/9a5bc3081886c15c08ab3395ae3d7b21l-m3807830101od-w1024_h768.jpg
"238 56th St Apt 1F,
Brooklyn, NY, 11220","1,097sqft",N/A,2009,https://ap.rdcpix.com/6935adae66385d823bcc0bc2c595776bl-m1405345746od-w1024_h768.jpg
"824-828 51 St,
Brooklyn, NY, 11220",N/A,"6,010sqft lot",N/A,https://ap.rdcpix.com/4be5332a7216087503d46549460ed380l-m224267693od-w1024_h768.jpg
"320 57th St Unit 5A,
Brooklyn, NY, 11220","1,396sqft",N/A,1900,https://ap.rdcpix.com/7cda6ea635144475cb70a97148acee37l-m3984805097od-w1024_h768.jpg
"258 43rd Street Ave,
Brooklyn, NY, 11232","1,470sqft","1,669sqft lot",1910,https://ap.rdcpix.com/ac72263756d24635c14de901790df221l-m3397925242od-w1024_h768.jpg
"667 47th St,
Brooklyn, NY, 11220","3,624sqft","2,071sqft lot",1930,https://ap.rdcpix.com/0196d18072de4d52a43fc4cbdc951cffl-m3169085294od-w1024_h768.jpg
"434 55th St,
Brooklyn, NY, 11220","3,004sqft",N/A,N/A,https://ap.rdcpix.com/ddbdf9eca82cc34de93fe76e4df43031l-m3322674910od-w1024_h768.jpg
"344 45th St,
Brooklyn, NY, 11220","2,500sqft","2,003sqft lot",1901,https://ap.rdcpix.com/721704c0667ddc788e4faf7ec04c96b4l-m3784253896od-w1024_h768.jpg
"327 51st St,
Brooklyn, NY, 11220","3,000sqft","2,003sqft lot",1910,https://ap.rdcpix.com/aa6b83e068c9cbfea8f33a131610986bl-m3678276038od-w1024_h768.jpg
"745 58th St Apt 3,
Brooklyn, NY, 11220",810sqft,N/A,2007,https://ap.rdcpix.com/61e53bd71d3cf3ab3a7ad6b2b625ce9cl-m2379851334od-w1024_h768.jpg
"856 43rd St Apt 2,
Brooklyn, NY, 11232",830sqft,N/A,1922,https://ap.rdcpix.com/7160d969c3494887a27a7dba0fc9e769l-m1756111541od-w1024_h768.jpg
"849 57th St Unit 5FL,
Brooklyn, NY, 11220","2,610sqft",N/A,2008,https://ap.rdcpix.com/ed6ee4ce447d7b53b3106bb11f23b1ffl-m222151033od-w1024_h768.jpg
"5811 Sixth Ave Unit 2B,
Brooklyn, NY, 11220",522sqft,N/A,1935,https://ap.rdcpix.com/f4ebb3dde4dcc06b430333238814f2a1l-m3007135003od-w1024_h768.jpg
"5811 Sixth Ave Unit 3B,
Brooklyn, NY, 11220",522sqft,N/A,1935,https://ap.rdcpix.com/c2fc451e8068d0154bb377302805fdbel-m3007135003od-w1024_h768.jpg
"456 54th St,
Brooklyn, NY, 11220","2,487sqft",N/A,N/A,https://ap.rdcpix.com/f92fa6bd42c0fc8148051e3647622926l-m393473861od-w1024_h768.jpg
"639 52nd St,
Brooklyn, NY, 11220","2,048sqft","2,003sqft lot",2009,https://ap.rdcpix.com/3281571017/a64f032e1cad4e8bbf918c29ce6c5689l-m0od-w1024_h768.jpg
"662 39th St,
Brooklyn, NY, 11232","1,300sqft","2,504sqft lot",1910,https://ap.rdcpix.com/2626058860/d3074319084580c27f2759fdaf8b809al-m0od-w1024_h768.jpg
"760 43rd St,
Brooklyn, NY, 11232","2,048sqft","2,003sqft lot",N/A,https://ap.rdcpix.com/681092028/8c8918dfa8d856b75cf4a23d7d021776l-m0od-w1024_h768.jpg
"247 53rd St,
Brooklyn, NY, 11220","2,600sqft","2,003sqft lot",1920,https://ap.rdcpix.com/352135147/fef865cb318c875d4e6a5c7700a5c273l-m0od-w1024_h768.jpg
"4407 4th Ave Apt C4,
Brooklyn, NY, 11220",800sqft,N/A,N/A,https://ap.rdcpix.com/f0f0d8f86bd0f8fc68412577b07f3d44l-m554237321od-w1024_h768.jpg
"347 58th St,
Brooklyn, NY, 11220","2,060sqft","2,003sqft lot",N/A,https://ap.rdcpix.com/767735441/cd48ba6a6e8bec394801a999308c7ecbl-m0od-w1024_h768.jpg
"420 44th St Apt 5,
Brooklyn, NY, 11220",750sqft,N/A,1940,https://ap.rdcpix.com/86d844a471513f10a5b2501797fdd90al-m2945409950od-w1024_h768.jpg
"767 60th St,
Brooklyn, NY, 11220","3,200sqft","2,504sqft lot",N/A,https://ap.rdcpix.com/b5ba5fe728704b13e4324f244a8a9b0bl-m1358819854od-w1024_h768.jpg
"530 52nd St,
Brooklyn, NY, 11220","2,700sqft","2,003sqft lot",N/A,https://ap.rdcpix.com/ca7f95f3f26f90e5efc021ee58e4e535l-m3926126332od-w1024_h768.jpg
"750 45th St,
Brooklyn, NY, 11220","2,138sqft","2,500sqft lot",N/A,https://ap.rdcpix.com/3737744188/00ed25f0a635e49e258b9386a22b3b9dl-m0od-w1024_h768.jpg
"656 46th St,
Brooklyn, NY, 11220","3,750sqft","2,003sqft lot",1926,https://ap.rdcpix.com/2893164376/c4ac2bd35b325bd0154ebd46c19afb15l-m0od-w1024_h768.jpg
"843 44th St,
Brooklyn, NY, 11220","3,200sqft","2,487sqft lot",N/A,https://ap.rdcpix.com/2543957631/3fc2b58860c818434ef5339e738f9922l-m0od-w1024_h768.jpg
"358 47th St,
Brooklyn, NY, 11220","2,520sqft","2,000sqft lot",N/A,https://ap.rdcpix.com/3377241872/0e436e2553cb1060a3000155a04c23fbl-m0od-w1024_h768.jpg
